symbol,name,price,pch,rsi,p1m,p3m,score
RMPL,Rafhan Maize Products Company Limited,9898.7,-0.009,55.0019,9605.11,9534.28,3
HPL,Hoechst Pakistan Limited,4027.55,-0.011,48.5418,3999.38,3368.02,3
ISIL,Ismail Industries Limited,2185.08,-0.0027,51.1472,2131,1848.75,3
KHYT,Khyber Textile Mills Limited,1981.04,0.0293,55.0708,1464.71,1449.8,3
SAPT,Sapphire Textile Mills Limited,1425.39,-0.0178,50.5526,1411.88,1200,3
SRVI,Service Industries Limited,1359.95,-0.0031,43.5082,1329.34,1202.39,3
MUREB,Murree Brewery Company Limited,1034.75,-0.0046,58.1095,1028.58,895.7,3
PSEL,Pakistan Services Limited,948.01,0.0018,54.937,932.48,879.32,3
HALEON,Haleon Pakistan Limited,894.61,0.0042,57.8708,879.19,790.02,3
GAL,Ghandhara Automobiles Limited,591.89,0.0056,58.2871,571.71,408.92,3
APL,Attock Petroleum Limited,531.78,0.0386,57.3236,522.35,513.14,3
SHSML,Shahmurad Sugar Mills Limited,510,-0.0538,54.9032,478.9,360,3
LUCK,Lucky Cement Limited,472.14,0.0042,48.4501,443.17,349.66,3
ZIL,ZIL Limited,374.95,0.0089,55.6909,350.64,343.98,3
DYNO,Dynea Pakistan Limited,337.16,0.0016,59.1237,313.25,281.81,3
OTSU,Otsuka Pakistan Limited,318.5,0.0092,47.0203,289.96,297.2,3
BAFS,Baba Farid Sugar Mills Limited,240.15,0.0098,49.9163,228.21,61.01,3
ELCM,Elahi Cotton Mills Limited,233.12,0,57.4416,223.75,131.56,3
INIL,International Industries Limited,227.27,-0.0012,48.1362,217.82,194,3
TSML,Tandlianwala Sugar Mills Limited,223.86,-0.0615,57.8498,214.56,196.24,3
MFFL,Mitchells Fruit Farms Limited,213.71,-0.0028,53.4254,206.17,197.8,3
BWHL,Baluchistan Wheels Limited,191.33,0.0181,54.6863,180.12,142.11,3
SEPL,Security Papers Limited,188.6,0.0146,44.3363,184.16,170.8,3
TOWL,Towellers Limited,178.28,-0.0061,47.6905,171.27,167.68,3
NML,Nishat Mills Limited,162.18,-0.0062,58.9917,152.77,131.75,3
SHJS,Shahtaj Sugar Mills Limited,154.22,0,48.2716,135,135.75,3
AGIL,Agriauto Industries Limited,143.03,-0.0021,50.9182,142.57,127.37,3
MWMP,Mandviwala Mauser Plastic Industries,139.58,-0.1,59.0674,60.67,18.68,3
JSGCL,JS Global Capital Limited,138.5,0,54.3467,134.01,132.37,3
SURC,Suraj Cotton Mills Limited,134.94,-0.0039,43.0786,128.04,119.91,3
BELA,Bela Automotives Limited,126.16,-0.0483,48.8512,125.03,121.88,3
FSWL,Fateh Sports Wear Limited,120,0.0187,58.3232,103.88,77.93,3
SEARL,The Searle Company Limited,115.88,0.0344,50.111,115.47,100.78,3
CPHL,Citi Pharma Ltd.,99.96,-0.0067,59.6728,96.99,90.21,3
MRNS,Mehran Sugar Mills Limited,70,0.0006,43.8293,67.5,51.77,3
ECOP,Ecopack Limited,67.62,-0.0086,50.67,66.9,61.81,3
SML,Shakarganj Limited,67.48,0.0021,48.1535,66.99,66.33,3
JSML,Jauharabad Sugar Mills Limited,64.31,-0.0058,50.874,56.58,46.7,3
FRSM,Faran Sugar Mills Limited,53.02,-0.0008,50.4726,50.78,41.56,3
OCTOPUS,Octopus Digital Limited,52.74,-0.0025,47.2826,52.41,52.07,3
SHCM,Shadman Cotton Mills Limited,52.73,-0.0302,45.8921,48.14,43.65,3
CENI,Century Insurance Company Limited,49.11,0.0385,57.4691,46.28,45,3
LEUL,Leather Up Limited,48.92,0.0018,53.3333,48.3,42.35,3
GEMNETS,Nets International Communication Limited,48,0,59.6467,45.83,32,3
CLOV,Clover Pakistan Limited,44.1,0.0288,54.6154,42.27,42.46,3
DHPL,DH Partners Limited,43.72,-0.0034,54.4757,43.52,37.62,3
PICT,Pakistan International Container,42.02,-0.0012,56.9921,41.9,39.89,3
SMCPL,Safe Mix Concrete Limited,41.82,-0.0048,58.6986,31.67,22.27,3
PAKL,Pak Leather Crafts Limited,38.18,-0.0071,58.3528,33.5,36.3,3
NRSL,Nimir Resins Limited,35.3,-0.0147,54.3792,33.07,29.73,3
FHAM,First Habib Modaraba,33.45,0.0502,46.0194,31.67,23.75,3
TREET,Treet Corporation Limited,28.29,-0.0184,56.9177,25.05,22.86,3
UVIC,The Universal Insurance Company Limited,28.29,-0.0375,53.554,16.2,9.98,3
GEMMEL,Mughal Energy Limited(GEM),28,0,58.8158,26,22,3
SPL,Sitara Peroxide Limited,23.55,-0.0038,40.1753,20.1,15.13,3
SKRS,Sakrand Sugar Mills Limited,22.46,-0.0129,57.2917,15.84,12.08,3
RPL,Roshan Packages Limited,22.12,-0.0217,52.4845,20.8,20.82,3
SINDM,Sindh Modaraba,20.91,-0.0014,52.011,15.28,12.75,3
GCWL,Ghani Chemworld Limited,19.16,0.0423,54.0152,14.72,10.78,3
POWER,Power Cement Limited,18.99,-0.0132,58.5635,17.24,13.7,3
STCL,Shabbir Tiles & Ceramics Limited,18.26,-0.0126,50,17.5,13.78,3
PPVC,Pakistan PVC Limited,17.14,0.0583,48.8203,16.04,10.55,3
SEL,Sitara Energy Limited,17.04,-0.0024,55.2258,14.61,11.33,3
DNCC,Dandot Cement Company Limited,16.64,0.0216,54.8035,16.25,14.99,3
UNIC,The United Insurance Company,16.35,0.0073,58.8933,15.67,16.26,3
TPLRF1,TPL REIT Fund I,16.23,-0.0665,58.4713,15,13.44,3
BGL,Baluchistan Glass Limited,16.1,-0.0118,59.8949,12.65,11.3,3
FTSM,First Tri-Star Modaraba,15.53,-0.0934,51.4683,13.52,13.16,3
GFIL,Ghazi Fabrics International Limited,15,-0.0593,45.8217,13.58,9.93,3
ASL,Aisha Steel Mills Limited,14.74,0.0136,44.1077,14.07,11.19,3
KOIL,Kohinoor Industries Limited,14.62,0.0116,50.5855,14.38,10.12,3
ALAC,Askari Life Assurance Company Limited,13.92,0.0151,55.4659,11.12,7.19,3
786,786 Investments Limited,13.9,0.0072,47.5543,11.67,10.21,3
TBL,Treet Battery Limited.,13.47,-0.0178,42.2164,12.99,12.45,3
ICCI,ICC Industries Limited,13.47,-0.0059,58.3156,11.7,12.28,3
WAVES,Waves Corporation Limited,12.26,-0.0016,56.3574,12.01,8.05,3
ARUJ,Aruj Industries Limited,11.41,-0.0289,58.871,9.38,9.62,3
WAVESAPP,Waves Home Appliances Limited,10.29,-0.0185,58.805,9.93,9.83,3
KSTM,Khalid Siraj Textile Mills Limited,10.01,-0.0599,49.7545,9.51,8.87,3
DSL,Dost Steels Limited,9.96,-0.01,45.4874,9.27,8.83,3
AGHA,Agha Steel Ind.Ltd,9.74,-0.0123,46.5201,9.06,8.91,3
QUICE,Quice Food Industries Limited,9.09,-0.0231,56.5217,8.72,8.07,3
STPL,Siddiqsons Tin Plate Limited,8.25,-0.017,57.1429,8.1,6.79,3
LSECL,LSE Capital Limited.,7.44,0.0054,48.0392,7.24,5.81,3
DWSM,Dewan Sugar Mills Limited,6.85,0.0642,57.8125,6.47,6.69,3
CTM,Colony Textile Mills Limited,6.7,-0.0448,50.8772,6.61,5.32,3
FCEL,First Capital Equities Limited,5.81,-0.0017,41.8182,5.56,4.05,3
AMTEX,Amtex Limited,4.12,-0.017,50.7576,4.11,3.3,3
PIBTLR3,,0.53,1.4151,,0,0,3
UPFLR,,2102.06,-0.0466,,0,0,2
SAZEW,Sazgar Engineering Works Limited,1900.27,0.042,87.853,1587.39,1163.45,2
GIL,Good Luck Industries Ltd.,1751.02,0.0526,,997,997,2
PAKT,Pakistan Tobacco Company Limited,1602.81,0.0214,69.0303,1335.22,1232.67,2
STL,Supernet Technologies Limited,1556.41,-0.0234,79.1949,785,825.29,2
SFL,Sapphire Fibres Limited,1398.39,-0.0226,80.9713,1065.14,1093.22,2
ATLH,Atlas Honda Limited,1366.92,0.032,75.3905,1227.29,1076.81,2
PMPK,Philip Morris (Pakistan) Limited,1311.72,0.0916,71.6556,1300,1300,2
ABOT,Abbott Laboratories (Pakistan) Limited,1292.91,0.0051,78.5949,1191.04,1034.6,2
SITC,Sitara Chemical Industries Limited,873.64,-0.0122,27.3973,725.18,478.39,2
MARI,Mari Energies Limited,788.37,-0.0122,88.6134,645.6,649.13,2
POL,Pakistan Oilfields Limited,734.1,0.0029,81.1476,657.07,595.33,2
ATRL,Attock Refinery Limited,704.88,0.0457,69.7642,656.53,675.49,2
BWCL,Bestway Cement Limited,659.95,-0.0069,85.4094,575.24,409.86,2
RCML,Reliance Cotton Spinning Mills Limited,608.32,-0.0149,65.5878,540,450.03,2
ICI,ICI Pakistan Limited,596.48,-0.0083,,591.53,591.53,2
TICL,The Thal Industries Corporation Limited,579.06,0.0189,61.7946,564.74,393.76,2
MEBL,Meezan Bank Limited,484.37,-0.0518,85.4705,388.59,351.42,2
PNSC,Pakistan National Shipping Corporation,484.36,0.0334,92.7626,414.77,384.7,2
PSO,Pakistan State Oil Company Limited,483.54,0.0063,82.4587,407.66,394.82,2
FFC,Fauji Fertilizer Company Limited,463.47,0.0393,64.2709,445.65,413.74,2
GLAXO,GlaxoSmithKline Pakistan Limited,448.9,-0.0121,78.584,414.76,390.93,2
UBL,United Bank Limited,397.51,0.0163,72.7033,383.69,309.84,2
AKDCL,AKD Capital Limited,394.78,-0.007,,392,392,2
SCL,Shield Corporation Limited,394.24,-0.021,60.9416,330,349.91,2
NRL,National Refinery Limited,390.17,0.1,71.7245,312.68,250.29,2
MCB,MCB Bank Limited,370.61,-0.0136,72.2157,355.87,323.6,2
SAPTR,Sapphire Tex.(R),365.58,0.05,,0,0,2
CHCC,Cherat Cement Company Limited,361.45,0.0016,64.9165,358.96,289.74,2
FIMM,First Imrooz Modaraba,331.91,-0.0187,73.429,208.59,199.66,2
ACPL,Attock Cement Pakistan Limited,307.49,-0.0059,68.8527,289.29,287.15,2
HBL,Habib Bank Limited,304.42,-0.0117,80.4237,259.39,186.36,2
PGCL,Pakistan Gum & Chemicals Limited,300,0,,0,0,2
IGIIL,IGI Insurance Limited,299.56,0.0194,,0,0,2
GLPLR,Gillette Pak(R),299.33,-0.0389,,280.49,280.49,2
SFLR,Sapphire Tex.(R),295.25,-0.0178,,0,0,2
SHEZ,Shezan International Limited,280.57,0.0354,84.3141,201.43,219.38,2
OGDC,Oil & Gas Development Company Limited,278.41,-0.0018,65.9312,273.1,229.09,2
DGKC,D.G. Khan Cement Company Limited,257.38,-0.0048,69.8299,209.91,161.18,2
ENGROH,Engro Holdings Limited,255.41,0.008,70.718,228.39,188.43,2
LINDE,Linde Pakistan Limited,240,0,,0,0,2
PCAL,Pakistan Cables Limited,239.6,-0.0032,86.5321,176.63,148.79,2
HUBC,The Hub Power Company Limited,233.29,0.0153,84.5132,176.48,141.4,2
EFERT,Engro Fertilizers Limited,227.86,0.0104,75.6452,210.9,194.55,2
NBP,National Bank of Pakistan,218.86,-0.0103,87.6677,155.23,115.87,2
BAHL,Bank AL Habib Limited,214.26,-0.0109,81.3899,190.58,164.78,2
NICL,Nimir Industrial Chemicals Limited,205.4,0.014,87.043,163.03,157.62,2
MCBIM,MCB Investment Management Limited.,204.9,0.0394,96.6555,133.22,138,2
PPL,Pakistan Petroleum Limited,203.44,-0.0051,71.7585,180.88,175.09,2
AYTM,Ayesha Textile Mills Limited,200,0,,0,0,2
AGP,AGP Limited,199.44,-0.0068,81.6548,189.6,190.56,2
ABL,Allied Bank Limited,192.79,-0.0439,84.6104,174.58,157.01,2
THAS,Taha Spinning Mills Limited,189.49,0.0053,,0,0,2
SHEL,Shell Pakistan Limited,189.13,-0.0218,,185.01,185.01,2
KCL,Karam Ceramics Limited,180.17,-0.0088,61.1037,165.28,142.77,2
JLICL,Jubilee Life Insurance Company Limited,172.54,0.0133,60.0337,170.1,159.68,2
AIRLINK,Air Link Communication Limited,168.54,-0.0075,65.1985,161.29,152.83,2
SFLL,SFL Limited,160,0,,0,0,2
PABC,Pakistan Aluminium Beverage Cans Limited,159.01,0.0075,68.0365,151.96,145.84,2
IFSL,Invest & Finance Securities Limited,152.5,0.0349,,0,0,2
SYS,Systems Limited,150.89,0.0195,80.6338,136.6,112.76,2
FATIMA,Fatima Fertilizer Company Limited,144.9,-0.0055,89.0253,124.63,101.22,2
ASLCPS,Aisha Steel Convt (Pref) Right,141.02,-0.0284,98.7923,56.1,18.75,2
SNGP,Sui Northern Gas Pipelines Limited,137.43,-0.0066,65.1442,118.8,120.96,2
KML,Kohinoor Mills Limited,134.34,0.0645,85.6712,85.8,56.01,2
DMC,D.M. Corporation Limited.,133.73,0.1,94.1292,49.01,34.96,2
AHL,Arif Habib Limited,129.25,-0.0026,92.5859,93.23,76,2
SGFL,S.G.Fiber Limited,126,0,,0,0,2
ELSM,Ellcot Spinning Mills Limited,125.04,-0.0403,93.5652,121,103,2
GSKCH,GlaxoSmithKline Consumer Healthcare,124.11,-0.0313,,120.23,120.23,2
ISL,International Steels Limited,123.34,0.0136,36.2197,121.6,96.02,2
HMB,Habib Metropolitan Bank Limited,123.21,0.0048,63.9607,117.69,103.94,2
BNL,Bunnys Limited,121.66,-0.0199,36.9705,107.98,103.2,2
BAFL,Bank Alfalah Limited,113.5,0.0021,73.9518,106.01,83.64,2
MLCF,Maple Leaf Cement Factory Limited,107.97,0.0087,66.2804,103.8,83.46,2
FECTC,Fecto Cement Limited,106.1,0.0256,63.4917,90.78,90.5,2
UBLGSFO,,105.6448,0,,0,0,2
ICL,Ittehad Chemicals Limted,103.01,0.1,13.377,101.14,79,2
HASCOLR,,100.96,0.0494,,0,0,2
CECL,Climax Engineering Company Limited,100,0,,0,0,2
ASRL,Associated Services Limited,99,0,,0,0,2
SGF,Service GlobalFootwear Limited,98.02,-0.006,61.3912,86.56,78.27,2
UDPL,United Distributors Pakistan Limited,97.7,-0.0341,63.7115,80.25,65.36,2
STJT,Shahtaj Textile Limited,97.24,-0.0197,75.891,79.35,80,2
FABL,Faysal Bank Limited,96.44,-0.0266,84.1705,78.86,80.21,2
PCML,Punjab Cotton Mill,94.43,0,,0,0,2
ATIL,Atlas Insurance Limited,92,0.043,63.7001,79,61,2
AKBL,Askari Bank Limited,90.67,-0.0184,67.4157,79.74,58.52,2
DINT,Din Textile Mills Limited,89.09,-0.0794,61.9486,76.68,78.27,2
MUGHAL,Mughal Iron & Steel Industries Limited,88.11,0.0026,62.7311,76.4,72.81,2
AHTM,Ahmad Hassan Textile Mills Limited,88.03,0.0579,100,75.42,54,2
ZAHID,Zahidjee Textile Mills Limited,85.01,-0.0933,70.1354,65.7,75.63,2
ALQT,Al-Qadir Textile Mills Limited,85,0,,0,0,2
INKL,International Knitwear Limited,77.58,-0.0605,87.5456,46.72,20.77,2
AGL,Agritech Limited,77.3,-0.029,64.5305,74.4,53.82,2
GHNLR,,76.75,0.03,,0,0,2
TRG,TRG Pakistan Limited,75.3,-0.007,71.8956,57.83,58.24,2
ILP,Interloop Limited,74.28,-0.0116,38.5475,71.71,67.3,2
TOMCL,The Organic Meat Company Limited,72.88,-0.0508,79.3196,58.44,35.27,2
AICL,Adamjee Insurance Company Limited,72.08,0.1,63.4831,68.69,57.39,2
DADX,Dadex Eternit Limited,70.58,-0.0327,60.4689,66.94,66.02,2
GHGLR1,,70.56,-0.0478,,0,0,2
CFL,Crescent Fibres Limited,70.06,0,33.2972,50.05,48.32,2
CLOUD,Chakwal Spinning Mills Limited,69.83,-0.1,,62.85,62.85,2
LIVEN,Liven Pharma Limited,69.26,0.0103,61.0254,63.78,67.02,2
EWICR2,East West Ins(R),67.07,0,,0,0,2
UBDLR,,66.32,0.0443,,0,0,2
CASH,Calcorp Limited,65.99,0.0605,79.7505,42.31,37.18,2
SPEL,SPEL Limited,65.52,0.0319,15.6757,63.6,44.85,2
GLAT,Glamour Textile Mills Limited,65,0,,0,0,2
MUGHALR,,64.53,0.0499,,0,0,2
GWLC,Gharibwal Cement Limited,64.39,0.0008,73.8819,52.24,48.67,2
EWICR1,East West (R),64.23,0,,0,0,2
FCCL,Fauji Cement Company Limited,60.82,0.0033,65.8882,59.02,45.99,2
PAEL,Pak Elektron Limited,59.93,-0.0105,79.4984,51.85,40.96,2
OLPL,OLP Financial Services Pakistan Limited,57.51,-0.0099,75.3945,49.98,39.4,2
GEMSPNL,Supernet Limited,57.38,-0.0678,91.7213,41,39.5,2
PTL,Panther Tyres Ltd.,57.08,0.0002,79.0509,53.96,44.08,2
CPPLR3,,56.56,0.0359,,0,0,2
SLSOPVI,,55.9,0,,0,0,2
BBFL,Big Bird Foods Limited,54.01,0.0026,70.7909,48.3,49.58,2
DIIL,Diamond Industries Limited,53.28,0,65.9581,35,23.6,2
EFOODS,Engro Foods Limited,52.26,0.0013,,0,0,2
HTL,Hi-Tech Lubricants Limited,51.72,0.005,64.1093,48.57,43.92,2
PREMA,At-Tahur Limited,46.71,-0.0143,60.9673,42.04,45.06,2
BFAGRO,Barkat Frisian Agro Limited,45.03,-0.0058,62.5612,44.52,41.17,2
MUGHALC,Mughal Iron & Steel Industries Ltd(C),45,0,73.4911,39.84,40.93,2
TRSM,Trust Modaraba,44.45,-0.0041,39.4796,42.78,8.12,2
JSGBETF,JS Global Banking Sector(ETF),44.44,-0.0279,76.0259,33.96,27.5,2
PCALR,,43.73,-0.0499,,0,0,2
BILF,Bilal Fibres Limited,43.48,-0.0398,84.276,24.23,22.48,2
BIPL,BankIslami Pakistan Limited,42.88,-0.024,77.1451,34.61,35.52,2
ZAL,Zarea Limited,40.42,-0.0139,82.8346,28.83,17.89,2
SRSM,Sargodha Spinning Mills Limited,40.33,0,,0,0,2
PSX,Pakistan Stock Exchange Limited,40.24,-0.0092,75.2371,35.32,27.91,2
GOEM,Globe Textile Mills (OE) Limited,40,0,,0,0,2
HAL,Habib-ADM Limited,39.51,-0.0319,,0,0,2
NORS,Noor Silk Mills Limited,39,0,,0,0,2
DOL,Descon Oxychem Limited,38.68,0.0003,39.9061,37.75,33.39,2
BECO,Beco Steel Limited,38.62,-0.001,79.3323,19.14,24.17,2
UBLPETF,UBLPakistan Enterprise ETF,38.47,0.0034,89.801,34.56,29.82,2
PRL,Pakistan Refinery Limited,37.5,0.0696,71.9902,31.63,33.23,2
BOK,The Bank of Khyber,35.58,0.007,78.7283,27.88,18,2
AKDSL,AKD Securities Limited,35.51,0.0566,64.6961,33.5,27.23,2
NITGETF,NIT Pakistan Gateway ETF,35.48,0.0144,67.8899,33.25,27.6,2
AGLNCPS,Agritech Non-Voting (Pref) Class A,35.42,0,100,26.62,26.62,2
GVGLR3,Ghani Value(R),33.52,-0.0254,,0,0,2
BOP,The Bank of Punjab,32.78,0.022,91.3308,17.37,11.52,2
JSIL,JS Investments Limited,32.66,0.1001,66.1644,30.45,25.3,2
KOHP,Kohinoor Power Company Limited,32.56,0.1001,100,11.56,6.56,2
ANTM,AN Textile Mills Limited,32.51,-0.0295,69.9263,28.3,27.25,2
NBPGETF,NBP Pakistan  Growth ETF,32.36,-0.0566,66.4839,26.85,22.85,2
GCIL,Ghani Chemical Industries Limited,32.08,0.0446,28.5714,29.51,27.27,2
SING,Singer Pakistan ,31.32,0.0463,,0,0,2
PGF,PICIC Growth Fund,31,-0.0158,,0,0,2
JSCL,Jahangir Siddiqui & Co. Ltd.,30.89,-0.0133,81.2695,23.87,22.1,2
UBDL,United Brands Limited,30.88,-0.0389,76.8856,24.79,26.68,2
EPQL,Engro Powergen Qadirpur Limited,30.27,0.0053,71.7514,29.52,28.45,2
HUSI,Husein Industries Limited,30.17,-0.0365,62.5652,27.1,27.94,2
PTC,Pakistan Telecommunication Company Ltd,30.1,-0.0296,81.5488,23.12,24.68,2
SNAI,Sana Industries Limited,29.58,0.068,63.0303,26.8,27.01,2
DKL,Drekkar Kingsway Limited,28.93,-0.0747,,22.92,22.92,2
FFLNV,,28.49,0.0225,,0,0,2
LPL,Lalpir Power Limited,28.28,-0.0523,69.7143,25.2,25.59,2
SAIF,Saif Textile Mills Limited,27.9,0.0294,37.4155,26.81,19.53,2
HUBCR,Hub Power(R),27.75,-0.045,,0,0,2
LOTCHEM,Lotte Chemical Pakistan Limited,27.2,0.0257,62.9723,21.86,20.05,2
GRYL,Grays Leasing Limited,27.05,-0.0019,18.2591,27.03,7.66,2
HAEL,Hala Enterprises Limited,26.89,-0.0495,61.6883,22.01,21.8,2
CRTM,The Crescent Textile Mills Limited,25.21,-0.0476,67.6209,22.5,21.64,2
SNBL,Soneri Bank Limited,25.13,0.0179,77.2242,22.09,21.65,2
SMLR1,,25.04,-0.0499,,0,0,2
SJTM,Sajjad Textile Mills Limited,25,0,,0,0,2
SLGL,Secure Logistics-Trax Group Limited,24.9,-0.061,70,18.21,16.79,2
ASTL,Amreli Steels Limited,24.88,0.0137,33.2244,23.3,23.57,2
IPAK,International Packaging Films Limited,24.88,-0.006,68.3673,23.89,22.99,2
IDSM,Ideal Spinning Mills Limited,24.7,0,60.8876,23.11,22.99,2
OLPM,OLP Modaraba,24.58,0.0252,71.8464,21.5,19.71,2
TDIL,TPL Direct Insurance Limited,23.99,0.0338,,0,0,2
HSMR1,,23.27,-0.046,,0,0,2
JSBL,JS Bank Limited,22.46,0.0022,92.4804,14.21,16.01,2
GATMR2,,22.27,0.0242,,0,0,2
MOON,Moonlite (Pak) Limited,22,0,,0,0,2
FFL,Fauji Foods Limited,21.75,-0.0041,75.2708,18.15,16.03,2
PAKCEM,Pakcem Limited,21.33,0,,0,0,2
PIAHCLA,PIA Holding Company Limited,21.3,0.0047,69.3671,20.56,20.82,2
MZNPETF,Meezan Pakistan ETF,21.25,0.0038,91.9643,18.54,15.83,2
LPCL,Lafarge Pakistan Cement Limited,21.2,0,,0,0,2
EWLA,East West Life Assurance Company Limited,20.55,0.0462,,0,0,2
MEBLR,,20.4,-0.0196,,0,0,2
ACIETF,Alfalah Consumer Index (ETF),20.1,-0.0129,71.4286,18.01,15.79,2
LOADS,Loads Limited,19.53,-0.0625,65.2374,15.66,14.36,2
HGFA,HBL Growth Fund,19,-0.0037,66.8246,14.25,11.68,2
KTMLR,,18.64,-0.0536,,0,0,2
TCORP,Tariq Corporation Limited,18.43,-0.0233,69.1511,17.86,15.85,2
ISHT,Ishtiaq Textile Mills Limited,18,0.0002,,0,0,2
MIIETF,Mahaana Islamic Index ETF,17.72,0.0034,97.4359,15.85,13.68,2
PIBTLR2,,17.56,0.0085,,0,0,2
AHCL,Arif Habib Corporation Limited,16.72,0.0197,87.8935,13.1,11.04,2
ORIXM,Orix Modaraba,16.5,0.0018,,16.1,16.1,2
BFMOD,B.F. Modaraba,16.4,-0.0305,69.7198,13.42,10.96,2
HUMNL,Hum Network Limited,16.04,-0.0567,36.6748,15.58,12.63,2
KACM,Karim Cotton Mills Limited,16,0,,0,0,2
SSML,Saritow Spinning Mills Limited,15.99,0.0188,63.067,12.41,15.18,2
TRPOL,Tri-Star Polyester Limited,15.95,-0.0671,,14.88,14.88,2
PAKRI,Pakistan Reinsurance Company Limited,15.86,0.0145,78.0328,14.4,14.58,2
HASCOL,Hascol Petroleum Limited,15.69,0.0427,86.4789,10.45,10.19,2
PIBTL,Pakistan International Bulk Terminal,15.68,-0.0159,81.8182,12.91,8.62,2
DCL,Dewan Cement Limited,15.32,-0.0104,69.8454,13.13,13.85,2
JSCLPSA,Jahangir Sidd(Pref),15.23,-0.0604,76.9899,11.5,10.66,2
PELPS,Pak Elektron (Pref),15.01,0,,11,11,2
ORM,Orient Rental Mod,14.91,-0.0315,68.175,11.28,10.39,2
IMSL,Imperial Sugar Limited,13.87,-0.0022,,13.84,13.84,2
DOLCPS,Descon Oxychem Limited (12%Non-Voting Pref),13.8,0,,0,0,2
PIF,PICIC Investment Fund,13.64,-0.0125,,0,0,2
DSIL,D.S. Industries Limited,13.63,0.0022,78.7879,6.04,5.86,2
ALTN,Altern Energy Limited,13.46,-0.0186,65.5488,12.18,11.02,2
PACE,Pace (Pakistan) Limited,13.19,0.0773,73.6364,6.95,6.04,2
MERIT,Merit Packaging Limited,13.1,0.0069,27.6151,11.88,13.09,2
TSPL,Tri-Star Power Limited,13.05,-0.0061,87.4449,10.1,7.51,2
UDLI,UDL International Limited,12.87,-0.0163,84.738,9.96,10,2
SGPL,S.G. Power Limited,12.87,0.0264,69.2094,12.16,7.82,2
JSMFETF,JS Momentum Factor Exchange Traded Fund,12.54,0.0271,60.274,11.54,10.49,2
CJPL,Crescent Jute Products Limited,12.51,-0.0392,68.8109,11.16,5.6,2
GEMBCEM,Burj Clean Energy Modaraba(GEM),12.5,0,71.3178,11.26,10.3,2
SBL,Samba Bank Limited,12.33,-0.0657,71.8182,9.16,9.62,2
TPLP,TPL Properties Limited,11.83,-0.0321,69.8297,10.58,9.83,2
FIBLM,First IBL Modaraba,11.68,-0.0471,68.8712,8.67,4.79,2
OLSM,Olympia Spinning and Weaving Mills Limited,11.2,0.0688,,0,0,2
MLCFR1,Maple Leaf (R),11.17,-0.034,,0,0,2
DINTR,Din Textile(R),10.37,-0.0964,,0,0,2
FEM,First Equity Modaraba,10.1,0.0832,77.898,7.15,4.62,2
OBOY,Oilboy Energy Limited,10.06,-0.003,72.8448,9.24,9.03,2
SNAIR,Sana Ind(R),10.01,-0.0999,,9.01,9.01,2
SMBLCPSB,Summit Bank B,10,0.032,,0,0,2
MOIL,Morafco Industries Limited,10,0,,0,0,2
SMBLCPSA,Summit Bank,10,0,,0,0,2
MSOTPS,Masood Textile (Pref),9.76,0.0975,,9.72,9.72,2
NATMR,,9.71,0,,0,0,2
MACFLR,,9.68,-0.0238,,0,0,2
SKRSR,,9.24,-0.0476,,0,0,2
TELE,Telecard Limited,9.02,0,62.0321,8.25,8,2
ADTM,Adil Textile Mills Limited,8.9,0,,0,0,2
TCORPCPS,Tariq Corporation Limited(Pref),8.83,-0.0261,28.9973,8.51,8,2
ICLR1,,8.77,0.114,,0,0,2
CNERGY,Cnergyico PK  Limited,8.52,0.0646,72.4919,7.19,7.1,2
BML,Bank Makramah Limited,8.27,-0.0556,79.2254,5.79,5.15,2
FANM,First Al-Noor Modaraba,8.1,-0.042,66.9654,5.84,4.3,2
ISTM,Ishaq Textile Mills Limited,8,-0.0012,,0,0,2
HIFA,HBL Investment Fund,7.48,-0.0134,73.494,5.62,3.77,2
FFLR,,7.4,-0.0622,,0,0,2
FNEL,First National Equities Limited,7.35,0.0571,24.6094,6.85,4.41,2
KOSM,Kohinoor Spinning Mills Limited,7.32,-0.0246,62.9482,7.08,6.04,2
MLCFR,,7.26,-0.1377,,0,0,2
KEL,K-Electric Limited,7.22,-0.0152,81,5.26,5.15,2
FDMF,First Dawood Mutual Fund,7,0,,0,0,2
SLSO,Saleem Sugar Mills Limited,7,0,,0,0,2
YOUW,Yousaf Weaving Mills Limited,6.89,-0.0145,72.6644,5.8,5.21,2
FPJM,First Punjab Modaraba,6.82,-0.0543,68.7395,4.54,4.35,2
GASF,Golden Arrow Selected Stocks,6.69,0.0106,,0,0,2
BYCO,Byco Petroleum Pakistan Limited,6.39,-0.0344,,6.17,6.17,2
HMICL,Hallmark Insurance Company Limited,6.2,0,,0,0,2
WASL,Wasl Mobility Modaraba,6.12,-0.0261,64.3264,0,0,2
CSIL,Crescent Star Insurance Limited,6,-0.0217,65.2389,4.2,3.42,2
CRTMR2,Crescent Tex(R),5.98,-0.0435,,5.72,5.72,2
EPCLR1,,5.81,-0.1704,,0,0,2
UCAPM,Unicap Modaraba,5.75,-0.0365,63.4969,4.55,3.77,2
GGGLR1,Ghani Global(R),5.68,-0.1162,,5.02,5.02,2
FFLNVR,,5.61,-0.1212,,0,0,2
HSMR2,Husein Sugar (R),5.5,-0.0109,,0,0,2
ASLR,,5.44,0.1195,,0,0,2
PNGRS,Pangrio Sugar Mills Limited,5.42,-0.0199,,0,0,2
LOADSR,Loads Limited(R),5.36,-0.0354,,5.17,5.17,2
MZSM,Mirza Sugar Mills Limited,5.06,-0.0079,,0,0,2
COTT,,5.05,0,,0,0,2
TCLTC,Treet Corporation (Ptc),5.02,-0.051,,0,0,2
MDTL,Media Times Limited,4.97,-0.0181,65.1099,3.87,2.79,2
PGIC,Pakistan Guarantee Insurance Company Limited,4.75,0,,0,0,2
SLSOPP,,4.4,0,,0,0,2
CLCPS,Chenab Limited (Pref),4.3,-0.0488,60.9589,4,3.1,2
ARMR4,,4.25,0.2353,,0,0,2
BROT,Brothers Textile Mills Limited,4.2,0.129,,0,0,2
FCSC,First Capital Securities Corporation,3.86,-0.013,66.9951,3.01,2.76,2
UNITYR,,3.76,0.266,,0,0,2
PASL,Pervez Ahmed Consultancy Services Ltd.,3.55,-0.0282,62.0253,2.96,2.95,2
CSM,Cresent Standard Modaraba,3.5,-0.1971,,0,0,2
IGIBL,IGI Investment Bank Limited,3.09,0.0421,,0,0,2
BEEM,Beema-Pakistan Company Limited,2.3,0,,0,0,2
SEPCO,Southern Electric Power Company Limited,2.21,0,,0,0,2
JSCLR1,Jahangi Sidd(R),2.19,-0.4566,,1.19,1.19,2
INL,,2.15,0.3953,,0,0,2
DCM,Dawood Capital Management Limited,2.15,0,,0,0,2
UNITYR3,Unity Foods Ltd(R),1.97,-0.4315,,1.12,1.12,2
ICCT,ICC Textiles Limited,1.9,0,,0,0,2
JOVC,Javed Omer Vohra & Company Limited,1.9,0,,0,0,2
WTL,Worldcall Telecom Limited,1.82,-0.033,61.5385,1.46,1.59,2
MDTM,Mehr Dastgir Textile Mills Limited,1.5,0,,0,0,2
TREI,Transmission Engineering Industries Limited,1.46,0,,0,0,2
HSMR3,Husien Sugar(R),1.45,-0.6276,,0.54,0.54,2
NIB,NIB Bank Limited,1.43,-0.014,,0,0,2
AQTM,Al-Qaim Textile Mills Limited,1.31,0,,0,0,2
SHDTR,Shadab Tex.(R),1.29,-0.4806,,0,0,2
STPLR,,1.24,0.0645,,0,0,2
MUKT,Mukhtar Textile Mills Limited,1.09,0,,0,0,2
FLYNGR,Flying Cement(R),1.03,-0.2621,,0.76,0.76,2
MERITR1,,0.97,-0.0825,,0,0,2
UNITYR1,Unity Foods(R),0.95,0.1579,,0,0,2
SDIL,Saleem Denim Industries Limited,0.95,0,,0,0,2
GENP,Genertech Pakistan Limited,0.89,0,,0,0,2
ALACR3,,0.81,-0.4815,,0,0,2
FFLR1,Fauji Foods Ltd(R),0.74,-0.0676,,0.69,0.69,2
DNCCR,Dandot Cement (R),0.73,-0.3836,,0.45,0.45,2
ANSMR,,0.55,0,,0,0,2
OLPLR,,0.54,-0.463,,0,0,2
PRLR1,Pak Refinery (R),0.51,-0.6667,,0,0,2
COST,(Colony) Sarhad Textile Mills Limited,0.5,0,,0,0,2
ITSL,Investec Securities Limited,0.42,0,,0,0,2
MERITR2,Merit Pack(R),0.37,-0.8649,,0.05,0.05,2
HSMPSR,Husein Sugar(R),0.36,-0.8056,,0.07,0.07,2
SUCM,Sunshine Cotton Mills Limited,0.33,0,,0,0,2
GTECHBR,G3 Technologies Ltd.CLASS B,0.31,-0.9355,,0.02,0.02,2
PSYLR,Pak Synthhetics(R),0.31,-0.5806,,0,0,2
JVDCR1,,0.27,-0.8148,,0,0,2
AZTM,Al-Azhar Textile Mills Limited,0.26,0,,0,0,2
AMBLR3,,0.25,-0.2,,0,0,2
UVICR,,0.21,-0.2381,,0,0,2
POWERR,,0.21,-0.7143,,0,0,2
AYZT,Ayaz Textile Mills Limited,0.2,0,,0,0,2
AMBLR2,,0.2,-0.5,,0,0,2
GAILR1,,0.12,-0.8333,,0,0,2
BIPLR2,Bank Islami(R),0.1,0.8,,0,0,2
MODAMR,Modaraba Al-Mali(R,0.06,-0.6667,,0.02,0.02,2
ITANZ,Itanz Technologies Limited,0.06,0,,0,0,2
ALACR4,Askari Life (R),0.05,-0.6,,0.02,0.02,2
TPLR,,0.04,-0.75,,0,0,2
BOPR2,,0.02,-0.5,,0,0,2
CSILR2,,0.02,-0.5,,0,0,2
UPFL,Unilever Pakistan Foods Limited,31964.33,0.0008,49.6694,32703.51,23600,1
PIAHCLB,PIA Holding Company LimitedB,25026.03,0.0329,48.8624,26815.8,21518.31,1
SIEM,Siemens (Pakistan) Engineering,1562.86,0.0003,53.2594,1675,1569.84,1
HINOON,Highnoon Laboratories Limited,1157.72,0.0055,51.1165,1171.12,1007.05,1
AABS,Al-Abbas Sugar Mills Limited,1040.05,0.0131,43.6664,1072.25,852,1
GHNI,Ghandhara Industries Limited,820.55,0.0287,50.066,835.14,699.67,1
PKGS,Packages Limited,693.63,-0.002,41.5442,711.39,547.34,1
THALL,Thal Limited,580.46,-0.0041,47.1757,602.2,401.79,1
SHFA,Shifa International Hospitals Limited,543.98,-0.0201,46.093,569.38,514.54,1
HINO,Hinopak Motors Limited,507.71,0.0413,45.4294,537.99,428.07,1
ARPL,Archroma Pakistan Limited,467.7,0.0043,43.4865,471,422.82,1
WAHN,Wah Noble Chemicals Limited,408.96,-0.0071,48.2184,415.23,312.02,1
FEROZ,Ferozsons Laboratories Limited,404.54,0.0145,42.8609,427.29,388.48,1
LCI,Lucky Core Industries Limited,332.82,-0.0049,40.2085,322.75,1583.72,1
PMRS,The Premier Sugar Mills,317.13,-0.0939,53.0415,344.94,270.37,1
DLL,Dawood Lawrencepur Limited,315.03,-0.0001,59.9973,327.62,252.83,1
BTL,Blessed Textiles Limited,313.95,-0.0428,51.9235,308.63,316.01,1
IBFL,Ibrahim Fibres Limited,304.96,0,51.7499,309.44,334.07,1
HCAR,Honda Atlas Cars (Pakistan) Limited,294.12,0.0115,49.0214,301.88,282.06,1
FZCM,Fazal Cloth Mills Limited,274.66,-0.0048,46.1677,289.53,223.94,1
PAKOXY,Pakistan Oxygen Limited,240,0.0186,44.4712,243.05,211.55,1
GLPL,Gillette Pakistan Limited,233.31,0.1,55.8249,226.84,241.41,1
PAKD,Pak Datacom Limited,204.43,-0.0333,54.455,197.75,335.09,1
POML,Punjab Oil Mills Limited,203.62,-0.0091,52.449,207.35,210.86,1
SASML,Sindh Abadgars Sugar Mills Limited,192.55,-0.0034,50.0526,204.89,66.78,1
BIFO,Biafo Industries Limited,182.91,-0.0236,48.5981,184.49,176.13,1
TATM,Tata Textile Mills Limited,168.03,-0.01,41.4615,207.63,160.31,1
BFBIO,BF Biosciences Limited,161.38,-0.0011,40.9452,170.49,172.55,1
EFUL,EFU Life Assurance Limited,156.02,0.0127,49.748,160,151.89,1
NETSOL,NetSol Technologies Limited,149.48,0.0001,48.4054,143.02,157.46,1
TRIPF,Tri-Pack Films Limited,134.75,-0.0093,53.0773,128.5,149.66,1
BERG,Berger Paints Pakistan Limited,118.09,0.001,50.062,121.66,110.42,1
CSAP,Crescent Steel & Allied Products Limited,104.93,-0.0013,47.3021,103.2,118.03,1
SUHJ,Suhail Jute Mills Limited,102.22,0,42.132,121.51,94.42,1
ALNRS,Al-Noor Sugar Mills Limited,97.23,-0.0534,44.801,97.89,79.53,1
NONS,Noon Sugar Mills Limited,89.93,0.0662,55.5309,90,91,1
JVDC,Javedan Corporation Limited,86.73,0.0027,55.2776,92.54,63.98,1
JGICL,Jubilee General Insurance Limited,81.01,0.0293,47.4498,83.01,62.97,1
HABSM,Habib Sugar Mills Limited,80.06,0.0104,44.8408,82.34,80.13,1
SCBPL,Standard Chartered Bank (Pak) Ltd,71.75,-0.0045,45.3333,79,64.16,1
ADAMS,Adam Sugar Mills Limited,71.07,0.0404,51.479,73.67,63,1
CHAS,Chashma Sugar Mills Limited,68.13,0.0672,49.6471,68.62,65.14,1
GVGL,Ghani Value Glass Limited,65.1,0.0327,40.9792,67.46,57.02,1
GEMBLUEX,Blue-Ex Limited (GEM),64.99,0,45.9603,67,65.89,1
EMCO,Emco Industries Limited,60.6,-0.0431,43.218,64.67,48.78,1
ARPAK,Arpak International Investments Ltd.,60.46,-0.0311,49.0486,61.04,55.5,1
SZTM,Shahzad Textile Mills Limited,59.85,-0.0682,56.9403,60.51,65.28,1
AKGL,Al-Khair Gadoon Limited,58,0,57.2696,63.26,51.37,1
SANSM,Sanghar Sugar Mills Limited,57.44,0.0266,43.8917,60.05,49.01,1
SHDT,Shadab Textile Mills Limited,57.08,0.0142,42.8835,61.16,67.62,1
PSYL,Pakistan Synthetics Limited,56.96,0.0135,49.4194,65.05,65.02,1
FLYNG,Flying Cement Company Limited,49.98,-0.0036,43.8926,52.8,55.67,1
BAPL,Bawany Air Products Limited,47.06,-0.0134,50.8929,49.06,41.62,1
AGIC,Askari General Insurance Company Limited,46.85,0.0085,58.8235,47.01,33.99,1
STYLERS,Stylers International Limited,44.74,-0.0148,45.7045,48.79,41.33,1
CYAN,Cyan Limited,38.48,-0.0117,52.364,38.52,33.54,1
OML,Olympia Mills Limited,38.46,-0.0632,51.5132,38.95,43.62,1
GATM,Gul Ahmed Textile Mills Limited,38.21,-0.0314,50.5508,38.78,28.83,1
ALIFE,Adamjee Life Assurance Company Limited,35.18,0.0233,53.0852,35.99,30.77,1
BPL,Burshane LPG (Pakistan) Limited,33.45,0,44.0171,35,38.18,1
EPCL,Engro Polymer & Chemicals Limited,31.24,-0.0118,51.5203,30.66,31.47,1
BRRG,B.R.R Guardian Limited,31.13,0,58.4229,31.23,26.46,1
HRPL,Habib Rice Product Limited.,30.32,-0.0089,42.2723,31.8,31.91,1
IMAGE,Image Pakistan Limited,28.28,0.005,48.9865,31.83,32.47,1
DWAE,Dewan Automotive Engineering Limited,28.24,0.0021,47.2803,28.52,34.13,1
GAMON,Gammon Pakistan Limited,27.3,-0.0055,44.0252,27.42,25,1
GEMPACRA,The Pakistan Credit Rating Agency Ltd,27.01,0,50.0675,28,20.67,1
FECM,First Elite Capital Modaraba,26.26,0.0998,45.641,24.38,34.01,1
REDCO,Redco Textiles Limited,25.27,0.023,48.6239,25.55,27,1
LSEFSL,LSE Financial Services Limited.,24.7,0.1,48.9231,24.13,34.78,1
SERT,Service Industries Textiles Limited,24.39,-0.0004,54.6239,23.17,28.85,1
FCL,Fast Cables Limited,24.28,-0.0017,57.4675,23.71,25.47,1
ASHT,Ashfaq Textile Mills Limited,24.23,0.0091,50.689,25.01,26.57,1
ASLPS,Aisha Steel Convertible (Pref),23.44,0,42.118,31.77,17.08,1
IGIL,IGI Life Insurance Limited,21,0.0286,57.1839,21.1,19.96,1
FTMM,First Treet Manufacturing Modaraba,18.6,-0.0183,49.1416,18.85,13.26,1
CLVL,Cordoba Logistics & Ventures Limited,18.41,0.088,43.2258,19.2,18.61,1
PGLC,Pak-Gulf Leasing Company Limited,17.83,-0.0297,44.403,18.18,21.3,1
ANSM,Ansari Sugar Mills Limited,17.29,-0.0324,42.7992,21.22,5.81,1
ZTL,Zephyr Textiles Limited,17,-0.0024,40.6953,18.5,14.5,1
MSCL,Metropolitan Steel Corporation Limited,14.97,-0.0087,51.4963,15.6,16.65,1
SLYT,Sally Textile Mills Limited,14.81,0.0088,45.8741,15.81,10.1,1
FCIBL,First Credit and Investment Bank Limited,13.16,-0.0076,43.662,13.53,14.92,1
NCML,Nazir Cotton Mills Limited,13.01,0.0092,43.5523,13.26,15.11,1
HICL,Habib Insurance Company Limited,12.99,-0.0062,53.1111,14.19,8.4,1
RUBY,Ruby Textile Mills Limited,12.76,0.0227,45.8333,14,8.51,1
GGGL,Ghani Global Glass Limited,12.67,0.0126,46.6912,13.23,9.98,1
TSMF,Tri-Star Mutual Fund Limited,12.5,0.0136,47.9396,13.21,8.35,1
TSBL,Trust Securities & Brokerage Limited,12.26,0.0204,48.8136,13.14,12,1
EPCLPS,Engro Poly(Pref),12.2,-0.0041,50,12.77,13.5,1
ANL,Azgard Nine Limited,12.19,0.0345,45.4148,12.66,10.55,1
FPRM,First Paramount Modaraba,11.7,-0.0838,59.9419,12.1,9.6,1
AMBL,Apna Microfinance Bank Limited,11.35,0,56.3177,11.14,13.03,1
NEXT,Next Capital Limited,10.99,-0.0237,46.3768,11.6,8.45,1
ITTEFAQ,Ittefaq Iron Industries Limited,10.74,-0.0456,54.9637,10.8,9.13,1
SPWL,Saif Power Limited,10.7,0.0056,51.4925,10.67,11.5,1
PKGI,The Pakistan General Insurance Co. Ltd.,10.56,0.0691,57.0978,10.58,11,1
SIBL,Security Investment Bank Limited,10.5,-0.0095,50.565,9.88,10.86,1
GUSM,Gulistan Spinning Mills Limited,9.33,0.0054,41.4698,9.88,8,1
SHNI,Shaheen Insurance Company Limited,8.95,0.0101,47.1483,9.06,10.03,1
HSPI,Huffaz Seamless Pipe Industries Limited,8.81,0.0924,47.0588,8.81,8.81,1
PINL,Premier Insurance Limited,8.4,-0.0143,49.5495,9.14,7.23,1
TPLT,TPL Trakker Limited,7.51,0,49.7006,7.69,6.95,1
FFLM,First Fidelity Leasing Modaraba,7.19,0.0083,44.1026,7.71,3.44,1
DBCI,Dadabhoy Cement Industries Limited,7.16,0.0182,47.0833,7.66,5.92,1
DWTM,Dewan Textile Mills Limited,7,-0.0286,40.0901,7.72,6.87,1
FDPL,First Dawood Properties Limited,6.67,0.0495,51.6667,6.82,4.96,1
LSEVL,LSE Ventures Limited,6.66,-0.018,40.8696,7.35,11.79,1
ESBL,Escorts Investment Bank Limited,6.54,0.0413,53.3865,6.15,7.69,1
ICIBL,Invest Capital Investment Bank Limited,6.37,0.0126,56.5217,7.57,10.45,1
DFSM,Dewan Farooque Spinning Mills Limited,6.04,0.0149,50.8475,6.22,6.64,1
GSPM,Gulshan Spinning Mills Limited,5.5,-0.0036,40.6593,6,3.99,1
HIRAT,Hira Textile Mills Limited,5.22,-0.0096,50.4065,5.29,4.14,1
NESTLE,Nestle Pakistan Limited,8401.74,0.0238,67.4906,8414.95,7000.92,0
ILTM,Island Textile Mills Limited,2400,0.0235,,2400,2400,0
INDU,Indus Motor Company Limited,2209.18,-0.0021,27.7878,2263.86,1891.61,0
BATA,Bata Pakistan Limited,1470.49,0.0004,18.82,1547.61,1494.35,0
AWTX,Allawasaya Tex. & Finishing Mills Ltd,1409.56,0,100,1409.56,1299.95,0
COLG,Colgate-Palmolive (Pakistan) Limited,1290.17,0.0034,39.3011,1295.45,1334.74,0
HCL,Hallmark Company Limited,950.05,0.0097,,959.26,959.26,0
BHAT,Bhanero Textile Mills Limited,904.98,0.025,33.2869,945.39,920.51,0
SAPL,Sanofi-Aventis Pakistan Limited,870,0,,870,870,0
JDWS,JDW Sugar Mills Limited,839.97,0.0018,32.8086,870.54,925,0
PIAB,Pakistan International Airlines Corporat,828.42,0.075,,828.42,828.42,0
EXIDE,Exide Pakistan Limited,667.6,0.0081,22.623,733.91,849.05,0
PSMC,Pak Suzuki Motor Company Limited,609,0,,609,609,0
PECO,Pakistan Engineering Company Limited,518.02,0,29.2594,600.61,724.79,0
MTL,Millat Tractors Limited,511.07,0.0184,4.7515,571.91,552.32,0
SSOM,S.S.Oil Mills Limited,492.42,0.0112,32.1769,688.11,867.82,0
ENGRO,Engro Corporation Limited,485.38,0.0148,,485.38,485.38,0
KHTC,Khyber Tobacco Company Limited,444.56,-0.0014,39.0553,450.79,378.86,0
PRET,Premium Textile Mills Limited,430.13,0.0206,35.4472,486.81,464.31,0
GADT,Gadoon Textile Mills Limited,398.33,0.015,11.7577,429.21,416.08,0
AGTL,Al-Ghazi Tractors Limited,386.77,-0.0082,35.975,400.47,414.02,0
MACTER,Macter International Limited,382.05,-0.002,23.8984,397.25,482,0
SALT,Salfi Textile Mills Limited,376,0.0013,,376,376,0
NATF,National Foods Limited,364.31,-0.004,65.7518,376.17,340.33,0
HAFL,Hafiz Limited,341,0,,382,285.05,0
MEHT,Mehmood Textile Mills Limited,320.3,0.0008,33.575,340.79,306.5,0
FASM,Faisal Spinning Mills Limited,304.73,0.0397,31.7687,374.56,355.57,0
IGIHL,IGI Holdings Limited,285.65,-0.0254,26.6681,316.83,244.53,0
DAWH,Dawood Hercules Corporation Limited,275.28,0.0619,,275.28,275.28,0
AKZO,Akzo Nobel Pakistan Limited,270,0,,270,270,0
ATBA,Atlas Battery Limited,254.08,-0.0009,18.7745,252.91,291.64,0
TGL,Tariq Glass Industries Limited,253.78,0.0008,37.0234,281.66,235.06,0
PIOC,Pioneer Cement Limited,240.03,-0.0068,28.6073,256.01,218.86,0
MFFLR,Mitchell Fruit(R),237.19,0.0378,,237.19,237.19,0
KSBP,KSB Pumps Company Limited,215.04,0.0072,29.9655,221.51,214.33,0
JKSM,J.K. Spinning Mills Limited,209.89,-0.0419,35.9159,226.43,110,0
FIL,Fateh Industries Limited,199.27,0,32.3755,224.9,148.55,0
WAFI,Wafi Energy Pakistan Limited,194.26,0.0134,65.4479,171.74,195.82,0
AKDHL,AKD Hospitality Limited,174.4,0,63.6139,180.02,171.95,0
SUTM,Sunrays Textile Mills Limited,170.94,0.0069,28.0202,165.09,183.26,0
IDYM,Indus Dyeing & Manufacturing Co. Limited,170,-0.0073,16.3454,170.58,170.25,0
BUXL,Buxly Paints Limited,165.64,-0.0175,39.5154,178.52,185.06,0
HINOR,Hinopak Motors(R),164.84,0.005,,164.84,164.84,0
PPP,Pakistan Paper Products Limited,163.23,-0.0061,38.1734,176.9,204.44,0
JOPP,Johnson & Phillips (Pakistan) Limited,160.06,0.0004,,160.06,160.06,0
KPUS,Khairpur Sugar Mills Limited,130.04,0,32.3438,158.35,123.73,0
SGABL,SG.Allied Businesses Limited,126,0,,126,126,0
GATI,Gatron (Industries) Limited,124.7,-0.0089,9.4828,133.33,145.16,0
GOC,GOC (Pak) Limited.,123.99,-0.0227,39.9148,126.73,84.87,0
EFUG,EFU General Insurance Limited,122.8,0.0057,39.9047,129.67,119.01,0
REWM,Reliance Weaving Mills Limited,119.33,0,67.0584,116.97,142.93,0
CPPL,Cherat Packaging Limited,112.04,-0.0081,29.2978,108.23,112.99,0
KOHC,Kohat Cement Company Limited,108.17,0.0184,75.2098,102.53,391.14,0
LPGL,Leiner Pak Gelatine Limited,107.53,-0.0036,28.4558,111.7,108.1,0
HBLTETF,HBL Total Treasury (ETF),105.9,0,87.5817,104.75,110.48,0
DAAG,Data Agro Limited,102.59,-0.0252,38.7367,107.48,107.95,0
NSRM,The National Silk & Rayon Mills Limited,100.25,0,,114.5,90.67,0
BCL,Bolan Castings Limited,98.11,-0.0102,36.0434,105.72,100,0
PKGP,Pakgen Power Limited,93.71,-0.0183,17.5038,109.23,171.66,0
JDMT,Janana De Malucho Textile Mills Limited,89,0.0169,3.6777,121.36,83.38,0
FFBL,Fauji Fertilizer Bin Qasim Limited,88.94,0.0807,,88.94,88.94,0
FCEPL,Frieslandcampina Engro Pakistan Limited,88.71,-0.0063,60.7968,86.19,88.81,0
SHELR,Shell Pakistan(R),83.19,0.0118,,84.17,84.17,0
NATM,Nadeem Textile Mills Limited,80,0,,80,80,0
FML,Feroze1888 Mills Limited,75.96,-0.0223,38.964,80,75.9,0
THCCL,Thatta Cement Company Limited,74.48,0.0078,87.6496,44.71,186.9,0
FTHM,Fateh Textile Mills Limited,74,0,,74,74,0
EFGH,EFG Hermes Pakistan Limited,73.18,0.0347,,75.72,75.72,0
BNWM,Bannu Woollen Mills Limited,70.05,-0.004,14.3369,78.03,73.49,0
NAGC,Nagina Cotton Mills Limited,69.78,0,39.8655,74.3,65.01,0
KTML,Kohinoor Textile Mills Limited,68.9,0.016,6.6745,254.53,190,0
SEARLR1,Searl Company(R),67.12,-0.0481,,67.12,67.12,0
SARC,Sardar Chemical Industries Limited,66.08,-0.033,31.4486,74.68,75.19,0
KOHTM,Kohat Textile Mills Limited,61,-0.0325,60.2537,63,87.96,0
CCM,Crescent Cotton Mills Limited,60.45,-0.0723,66.2002,62.62,54,0
LMSM,Landmark Spinning Industries Limited,58.1,0.1,,63.91,63.91,0
IBLHL,IBL HealthCare Limited,58.1,-0.0181,39.4707,61.65,63.46,0
MSOT,Masood Textile Mills Limited,53.93,0.0091,21.6556,61.8,65,0
PRWM,Prosperity Weaving Mills Limited,52.9,0.0962,35.369,61.03,48.98,0
EWIC,East West Insurance Company Limited,52.08,0,,57.29,57.29,0
ADMM,Artistic Denim Mills Limited,51.75,0.0081,32.2018,59.8,58.34,0
DSML,Dar-es-Salaam Textile Mills Limited,51.25,0,,51.25,51.25,0
AATM,Ali Asghar Textile Mills Limited,50.49,0.0095,34.7241,53.38,104.92,0
PHDL,Pakistan Hotels Developers Limited,50.4,0.0297,33.8798,50.4,50.4,0
DMIL,D.M. Industries Limited,49.68,0,,49.68,49.68,0
AVN,Avanceon Limited,49.44,0.0206,13.2701,48.71,50.42,0
SAZEWR,Sazgar Engg.(R),48.44,-0.0749,,48.44,48.44,0
NCL,Nishat Chunian Limited,45.91,-0.0153,26.4846,49.89,41,0
GHGL,Ghani Glass Limited,44.85,-0.006,38.6083,49.33,42.02,0
SICL,Standard Insurance Company Limited,44,0,,44,44,0
SWL,Standard Worldwide Limited,44,0,,44,44,0
FRCL,Frontier Ceramics Limited,42.66,0.0279,29.2896,43.24,41.98,0
SSGC,Sui Southern Gas Company Limited,42.6,0.0019,20.9366,41.38,44.53,0
MFL,Matco Foods Limited,41.95,-0.0122,22.4211,51.16,51.27,0
GHGLR2,,40.41,-0.0415,,40.41,40.41,0
GTYR,Ghandhara Tyre & Rubber Company Limited,40.12,-0.0025,34.1686,42.48,43.54,0
TPLL,TPL Life Insurance Limited,37.51,0,,40.99,54.43,0
BIPLS,BIPL Securities Limited,37,0.0441,,38.63,38.63,0
NPL,Nishat Power Limited,36.92,0.0046,22.4157,42.06,36.14,0
MIRKS,Mirpurkhas Sugar Mills Limited,36.8,0.1,22.9551,41.53,33,0
MTIL,Mian Textile Industries Limited,36.6,0.0749,,39.34,39.34,0
KAPCO,Kot Addu Power Company Limited,35.21,0.0003,24.5552,35.8,32.84,0
ARCTM,Arctic Textile Mills Limited,35.03,-0.0009,31.2165,38.99,41.6,0
DMTX,D.M. Textile Mills Limited,34.96,0,,34.96,34.96,0
RUPL,Rupali Polyester Limited,34.31,0.0055,31.4406,35.76,28.07,0
GHGLR3,Ghani Glass Ltd(R),34.07,0.0103,,34.42,34.42,0
STML,Shams Textile Mills Limited,34,0,20.3852,36.46,37.79,0
GHNL,Ghandhara Nissan Limited,33.9,-0.0067,,33.9,33.9,0
AEL,AEL Textile Limited,33.68,0.075,,33.68,33.68,0
DFML,Dewan Farooque Motors Limited,33.6,-0.0101,36.6086,35.62,36.69,0
MQTM,Maqbool Textile Mills Limited,32.34,-0.0167,30.5263,39.45,35.72,0
PAKOXYR,Pakistan Oxygen Limited(Right),32.11,-0.0441,,32.11,32.11,0
DCR,Dolmen City REIT,31.83,-0.0003,62.2047,32.28,27.08,0
CWSM,Chakwal Spinning Mills Limited,31.1,-0.0322,30.6152,34.8,40.04,0
MACFL,MACPAC Films Limited,31.07,-0.0013,34.7748,31.66,55.9,0
APOT,Apollo Textile Mills Limited,29.52,0,,29.52,29.52,0
ASTM,Asim Textile Mills Limited,28.59,-0.0021,29.0456,31.61,16.47,0
ARM,Allied Rental Modaraba,27.9,0,,27.9,27.9,0
CEPB,Century Paper & Board Mills Limited,27.36,-0.004,34.6614,27.94,29.38,0
JUBS,Jubilee Spinning & Weaving Mills Ltd.,26.47,-0.0435,16.7072,50.36,11.99,0
UNITY,Unity Foods Limited,26.43,-0.0121,38.4016,28.74,24.79,0
MUGHALR1,Mughal Iron (R),26.3,0.0749,,28.27,28.27,0
GGL,Ghani Global Holdings Limited,26.21,0.0946,39.3789,27.24,18.69,0
EWICR3,East West Insurance Company Limited(R),26.01,0,,26.01,26.01,0
JATM,J.A. Textile Mills Limited,25.09,-0.0183,33.8999,31.01,27.82,0
NCPL,Nishat Chunian Power Limited,24.57,0.0179,17.9673,28.98,24.58,0
POWERPS,Power Cement (Pref),24.26,-0.0396,35.7298,26.5,17.25,0
MCBAH,MCB-Arif Habib Savings and Invest,24,0.0084,,24,24,0
CHBL,Chenab Limited,22.9,-0.0092,29.625,24.51,7.02,0
PIM,Popular Islamic Modaraba,22.58,0.0616,18.4641,23.79,20.52,0
PIAA,Pakistan International Airlines Corp,22.17,0.0751,,22.17,22.17,0
IDRT,Idrees Textile Mills Limited,22.1,-0.0136,30.5347,23.51,21.12,0
RAVT,Ravi Textile Mills Limited,22.06,0.0131,,22.35,22.35,0
GEMUNSL,Universal Network Systems Limited(GEM),20,0,,20,20,0
IML,Imperial  Limited,19.66,0.0173,31.25,21.48,17.25,0
GRR,Globe Residency REIT,19.37,0.0031,32.967,19.81,19.25,0
KOHE,Kohinoor Energy Limited,19.01,0.0042,6.278,22.49,17.25,0
JVDCPS,Javedan Corporation (Pref),19,0,1.9231,19,19,0
CPAL,Capital Assets Leasing Corporation,18.81,0,,18.81,18.81,0
HWQS,Haseeb Waqas Sugar Mills Limited,18.52,-0.0011,23.0769,22.16,18.72,0
HACC,Hashimi Can Company Limited,17.35,0.0749,,18.65,18.65,0
BPBL,Balochistan Particle Board Limited,17.31,0.0117,,17.31,17.31,0
TPLI,TPL Insurance Limited,17.11,0.0234,25,19.51,9,0
RICL,Reliance Insurance Company Limited,16.7,-0.0114,24.8175,18.99,10.3,0
HADC,Haydari Construction Company Limited,16.51,0.0325,,16.51,16.51,0
AAL,Agro Allianz Limited,16,0,,16,16,0
QUET,Quetta Textile Mills Limited,15.77,-0.0025,36.6359,16.39,15.51,0
ASIC,Asia Insurance Company Limited,15.44,0,7.6087,17,18.1,0
EXTR,Extraction (Pakistan) Limited,15.1,0,,15.1,15.1,0
GATIR,Gatron Industries Limited(R),15.04,0.0751,,15.04,15.04,0
GUTM,Gulistan Textile Mills Limited,15,0,,15,15,0
SYM,Symmetry Group Limited,14.7,0.0231,19.6809,14.97,14.99,0
FAEL,Fatima Enterprises Limited,14.3,0,,14.3,14.3,0
DEL,Dawood Equities Limited,14.07,-0.0043,34.1991,17.01,10.5,0
ASC,Al Shaheer Corporation Limited,14,-0.0714,16.1517,19.02,7.53,0
IMS,Intermarket Securities Limited,13.93,-0.0007,27,14.9,9.46,0
MACTERR,Macter Inter(R),13.21,0.0757,,14.21,14.21,0
DMTM,Dewan Mushtaq Textile Mills Limited,13.05,0.0927,26.5957,15.3,10.5,0
SERF,Service Fabrics Limited,12.87,0.0047,,12.93,12.93,0
HSM,Husein Sugar Mills Limited,12.81,-0.0318,,12.81,12.81,0
NMFL,Nirala MSR Foods Limited,12.76,0,,12.76,12.76,0
GEMPAPL,Pak Agro Packaging Limited(GEM),12.4,0.0484,28.2609,15,10.7,0
BRR,B.R.R. Guardian Modaraba,11.5,0.0222,,11.5,11.5,0
ANNT,Annoor Textile Mills Limited,11.38,0,,11.38,11.38,0
SMTM,Samin Textiles Limited,11.28,0.055,,11.9,11.9,0
QUSW,Quality Steel Works Limited,11,0,,11,11,0
HASCOLR1,Hascol Petre(R),10.18,0.0591,,10.18,10.18,0
AWWAL,Awwal Modaraba,10,0,,10,10,0
NAFL,National Fibres Limited,10,0,,10,10,0
SURAJ,Suraj Ghee Industries Limited,10,0,,10,10,0
AZMT,Azmat Textile Mills Limited,9.95,0,,9.95,9.95,0
ANLPS,Azgard Nine 8.95%(Pref),9.8,0,,9.8,9.8,0
META,MetaTech Trading Limited,9.67,-0.0954,,9.67,9.67,0
AGSML,Abdullah Shah Ghazi Sugar Mills Limited,9.54,-0.0157,61.4035,9.62,7.64,0
GCILB,Ghani Chemical Industries Limited (B),9.3,-0.0461,,9.3,9.3,0
SPELR,Synthetic Prod(R),9.12,0.0077,,9.12,9.12,0
FFBLR,Fauji Fert.Bin(R),8.9,0.1042,,8.9,8.9,0
HMIM,Haji Mohammad Ismail Mills Limited,8.75,-0.0278,,8.75,8.75,0
GLOT,Globe Textile Mills Limited,8.7,0,,8.7,8.7,0
MIRKSR,Mirpurkhas Sugar Mills Limited(R),8.67,0.0093,,8.67,8.67,0
KHSM,Khurshid Spinning Mills Limited,8.65,-0.0699,,11.65,11.65,0
FRSMR,Faran Sugar Mills Limited(R),8.58,0.0658,,8.58,8.58,0
GTECH,G3 Technologies Limited,8.58,-0.0239,,8.58,8.58,0
IMAGER1,Image Pak Ltd(R),8.56,0.0402,,8.79,8.79,0
TPL,TPL Corp Limited,8.24,0.0401,35.3488,10.5,5.55,0
SANE,Salman Noman Enterprises Limited,8.07,-0.061,25.779,8.07,8.07,0
WHALE,Waves Home Appliances Limited,8.01,-0.022,,8.01,8.01,0
FUDLM,First UDL Modaraba,8,0.0127,,8,8,0
GAIL,Ghani Automobile Industries Limited,7.4,-0.0501,,7.4,7.4,0
ANLNV,Azgard Nine Non-Voting Ordinary Shares,7,0,,7,7,0
DBSL,Dadabhoy Sack Limited,7,0,,7,7,0
SLCPA,Security Leasing Corp.9.10%(Pref),7,0,,7,7,0
PASM,Paramount Spinning Mills Limited,6.73,0.0282,38.1818,9.01,5.12,0
SHCI,Shaffi Chemical Industries Limited,6.49,-0.0859,,6.49,6.49,0
SSIC,Silver Star Insurance Company Limited,6.34,0,,6.34,6.34,0
MUGHALR2,Mughal Iron @Steel Industries Limited(R),6.01,0.1996,,6.01,6.01,0
PIL,PICIC Insurance Limited,5.82,-0.0034,62.2047,6.04,3.61,0
HMM,Habib Metro Mod,5.8,0.0943,,5.8,5.8,0
MODAM,Modaraba Al-Mali,5.73,-0.0272,,5.73,5.73,0
WAVESR1,Waves Singer Pakistan Limited (R),5.72,0.1731,,6.71,6.71,0
ASCR1,AL-Shaheer (R),5.68,0.1056,,6.28,6.28,0
TREETR2,Treet Corporation Limited (R),5.62,0.2165,,5.62,5.62,0
HSMCPS,Husein Sugar(Pref),5.2,0.1904,,6.19,6.19,0
PMI,First Prudential Modaraba,4.7,0.0538,65.5172,4.7,4.21,0
LSEPL,LSE Proptech Limited,4.65,-0.0169,,4.65,4.65,0
AMBLR4,Apna MicroBank(R),4.06,0.2315,,5,5,0
PRIB,Prudential Investment Bank Limited,4,0,,4,4,0
GGLR1,Ghani Global(R),3.94,-0.1264,,3.94,3.94,0
UNITYR2,Un ity Food(R),3.86,0.1488,,3.86,3.86,0
MUBT,Mubarak Textile Mills Limited,3.85,-0.2062,,3.85,3.85,0
TOMCLR,The Organice Meat Company Limited(R),3.81,0.3003,,3.81,3.81,0
REGAL,Regal Ceramics Limited,3.8,0,,3.8,3.8,0
BIIC,Business & Industrial Insurance Company,3.6,0,,3.6,3.6,0
AASM,Al-Abid Silk Mills Limited,3.49,0.1079,,3.49,3.49,0
MFTM,Mohammad Farooq Textile Mills Limited,3.49,-0.0464,,3.49,3.49,0
KSBPR,KSB Pumps Company Limited (R),3.02,0.2032,,3.02,3.02,0
FDIBL,First Dawood Investment Bank Limited,2.92,-0.0489,,2.92,2.92,0
BRRR,BRR Guardian(R),2.79,0.3584,,3.79,3.79,0
ASCR,AL-Shaheer(R),2.57,0.0405,,2.57,2.57,0
ABSON,Abson Industries Limited,2.5,0,,2.5,2.5,0
DATM,Data Textiles Limited,2.35,-0.0962,,2.35,2.35,0
PUDF,Prudential Stocks Fund Limited,2.33,0,,2.33,2.33,0
SERFR,Service Fab(R),2.17,0.2627,,2.74,2.74,0
SMBL,Summit Bank Limited,2.17,-0.0091,,2.17,2.17,0
JPGL,Japan Power Generation Limited,1.9,0.0497,,1.9,1.9,0
SFAT,Safa Textiles Limited,1.89,-0.0053,,1.89,1.89,0
STYLERSR,Stylers International Limited (R),1.72,-0.14,,1.72,1.72,0
SLL,SME Leasing Limited,1.7,-0.0556,33.0769,1.7,1.7,0
PAELR3,Pak Elektron(R),1.69,-0.1198,,1.69,1.69,0
PKGIR,Pakistan General Insurance Company Ltd.,1.36,-0.3982,,1.36,1.36,0
IGILR,IGI Life Ins(R),1.34,0.1278,,1.34,1.34,0
PAKMI,First Pak Modaraba,1.3,-0.0226,,1.3,1.3,0
KASBM,KASB Modaraba,1.19,0.0348,,1.19,1.19,0
FCONM,First Constellation Modaraba,1.19,0,,1.19,1.19,0
SILK,Silkbank Limited,1.15,-0.0171,,1.15,1.15,0
PRIC,Progressive Insurance Company Limited,1.13,0,,1.13,1.13,0
NINA,Nina Industries Limited,1.01,0,,1.01,1.01,0
SLCL,Security Leasing Corporation Limited,1,-0.1304,,1,1,0
HATM,Hamid Textile Mills Limited,0.97,0,,0.97,0.97,0
TRIBL,Trust Investment Bank Limited,0.97,-0.0583,,0.97,0.97,0
IMAGER2,Image Pakistan Limited Right 2 (R),0.96,0.3714,,0.96,0.96,0
DKTM,Dewan Khalid Textile Mills Limited,0.94,-0.3088,,0.94,0.94,0
SPCL,Saudi Pak Consultancy Company Limited,0.9,0.0465,,0.9,0.9,0
SPLC,Saudi Pak Leasing Company Limited,0.9,0.0465,,0.9,0.9,0
DSFL,Dewan Salman Fibre Limited,0.88,0.0353,,0.88,0.88,0
SDOT,Sadoon Textile Industries Limited,0.85,0,,0.85,0.85,0
TCORPR1,Tariq Corporation (Pvt) Ltd (R),0.79,-0.5241,,0.79,0.79,0
HAJT,Hajra Textile Mills Limited,0.72,0,,0.72,0.72,0
ENGL,English Leasing Limited,0.65,0,,0.65,0.65,0
SCHT,Schon Textiles Limited,0.65,0,,0.65,0.65,0
FNBM,First National Bank Modaraba,0.64,0,,0.64,0.64,0
OBOYR2,Oilboy Energy Limited(R),0.64,-0.4019,,0.64,0.64,0
AMSL,Al-Mal Securities & Services Limited,0.62,0,,0.62,0.62,0
KAKL,Kaiser Arts & Krafts Limited,0.55,0,,0.55,0.55,0
USMT,Usman Textile Mills Limited,0.51,0,,0.51,0.51,0
HKKT,Hakkim Textile Mills Limited,0.5,0,,0.5,0.5,0
ZELP,Zeal Pak Cement Factory Limited,0.44,0,,0.44,0.44,0
TAJT,Taj Textile Mills Limited,0.41,0,,0.41,0.41,0
DOMF,Dominion Stock Fund Limited,0.34,0,,0.34,0.34,0
PDGH,Prudential Discourt & Guarantee House Lt,0.3,0,,0.3,0.3,0
FIM,First Investec Modaraba,0.2,0,,0.2,0.2,0
INMF,Investec Mutual Fund Limited,0.17,0,,0.17,0.17,0
MOHE,Mohib Exports Limited,0.15,0,,0.15,0.15,0
SEARLR2,The Searle Company Limited (Right),0.15,-0.4,,0.15,0.15,0
PICL,Pakistan Industrial & Commercial Leasing,0.1,0,,0.1,0.1,0
DCTL,Dadabhoy Construction Technology Limited,0.08,0,,0.08,0.08,0
CLVLR,Cordoba Logist(R),0.08,-0.7333,,0.08,0.08,0
ZHCM,Zahur Cotton Mills Limited,0.06,0,,0.06,0.06,0
ANLR,Azgard Nine (R),0.05,-0.6667,,0.05,0.05,0
POWERR1,Power Cement (R),0.04,-0.2,,0.04,0.04,0
OBOYR1,Oilboy Energy(R),0.04,-0.9322,,0.04,0.04,0
ANLNVR,Azgard Nine (N0n-Voting) (R),0.01,0,,0.01,0.01,0
JSBLR1,JS Bank Limited Right (R),0.01,0,,0.01,0.01,0
MODAMR1,MODARABA AL-MALI (R),0.01,-0.6667,,0.01,0.01,0
ESBLR,Escorts Investment Bank (R),0.01,-0.8889,,0.01,0.01,0
